,EURUSD Fluctuations
0,0.7600668742675776
1,0.7545596589876891
2,0.7570061447803332
3,0.7570040227493796
4,0.7554203354065196
5,0.7304976096197449
6,0.715577925689262
7,0.715554106285155
8,0.7215396805294155
9,0.7045129300753967
10,0.7069321737146654
11,0.6925539636985817
12,0.6992065965884257
13,0.7110583664510717
14,0.7107889642661628
15,0.7161564123678619
16,0.698483205095496
17,0.6935219022791115
18,0.6991232961264515
19,0.6978467179998984
20,0.6991920573941912
21,0.7111516716836725
22,0.7135345305271157
23,0.724592600587971
24,0.7154277401669015
25,0.7276614262631397
26,0.7391103459862547
27,0.7326092401846538
28,0.7414853866307656
29,0.7332965752613647
30,0.7276151370457387
31,0.7122902919268577
32,0.7187505804147185
33,0.7229763407293343
34,0.7014987172521442
35,0.7018342735056504
36,0.7070438300354046
37,0.7112316543764963
38,0.7159813222811822
39,0.7108259120136622
40,0.7072878046542577
41,0.6990269581327729
42,0.7129008797579908
43,0.7172556403080437
44,0.726012509053471
45,0.7271304506773617
46,0.7318676583199714
47,0.7324400994549698
48,0.7231764230406106
49,0.7144599526172907
50,0.718323511717486
51,0.7023422558791226
52,0.6872582565810011
53,0.6774147245997725
54,0.6984166284034539
55,0.6928707986279172
56,0.689695866687196
57,0.6885265154768135
58,0.6939845519723996
59,0.7007734715093065
60,0.7129679255578152
61,0.7094596237282609
62,0.7077010838785529
63,0.717815228969412
64,0.7063193473878102
65,0.7020181821352104
66,0.7028047490685169
67,0.6950454755727715
68,0.6870028256471594
69,0.7016403310612783
70,0.6857340568659981
71,0.7009224903375407
72,0.6877136572487329
73,0.7038684358760068
74,0.6806551381410149
75,0.689723091016072
76,0.6936599038768779
77,0.7077298805892576
78,0.7039795492965308
79,0.7058261758716917
80,0.6973044402995845
81,0.701653618102587
82,0.7011356616064166
83,0.7069974098136568
84,0.706348308367976
85,0.7044619538337237
86,0.7119554646591846
87,0.7154322822177347
88,0.7067801995158052
89,0.7019205061350708
90,0.6927797492316279
91,0.6840387086090365
92,0.6759323051195785
93,0.673684371819607
94,0.6794243592234979
95,0.6648217518008926
96,0.6386429785897058
97,0.6427109355813321
98,0.6439017555341862
99,0.6480312329774796
100,0.6587723877338593
101,0.6450947326813135
102,0.6357229132803883
103,0.6427570307190593
104,0.6338148973288691
105,0.6238297886414295
106,0.6304594551614675
107,0.6271835859098449
108,0.6345019464022014
109,0.6296406504386873
110,0.634721858082086
111,0.6171671645084217
112,0.6006162427348426
113,0.6128353535007802
114,0.613747911423396
115,0.6208409752637849
116,0.6176328374203159
117,0.6384917902135019
118,0.6393894739222874
119,0.6538797488563034
120,0.6478933623734393
121,0.6614990455178598
122,0.648442224043719
123,0.6479550156848448
124,0.650124521316227
125,0.6515811617734053
126,0.6547746893281776
127,0.660919531067325
128,0.6592707259476753
129,0.6572194860805343
130,0.6816066220301473
131,0.6779690571086532
132,0.6642005774174051
133,0.6467503800756854
134,0.649070508509849
135,0.6607201597360186
136,0.6574095883820166
137,0.654782096648199
138,0.6589742476142213
139,0.6335785125964621
140,0.6402862882844806
141,0.6533932444193771
142,0.6391694132524349
143,0.6291070098766229
144,0.6235084979264827
145,0.6245866503782694
146,0.6300979133764962
147,0.6264724602147789
148,0.6300555740480303
149,0.6168824099953412
150,0.6145302592376947
151,0.6150854751797744
152,0.6170724705223215
153,0.617163847072542
154,0.6258652719628758
155,0.6284841812401366
156,0.6257573688254449
157,0.6219757318746961
158,0.6238666411474542
159,0.6228539413653321
160,0.6178548341219328
161,0.6198019708073843
162,0.6041264627925119
163,0.5912291354316209
164,0.5891833900195462
165,0.5916110740684349
166,0.5921147423311865
167,0.5904571922643077
168,0.5965553823064909
169,0.5934832768041106
170,0.5951641942855218
171,0.5939298263111228
172,0.5942574407843677
173,0.5953717421330795
174,0.5833490078517947
175,0.5846322492290947
176,0.582683843990271
177,0.580327141634579
178,0.5892922889219295
179,0.5785742949628703
180,0.5688666256581265
181,0.5580062403814687
182,0.5659602032864146
183,0.5637975759371601
184,0.5614936605198533
185,0.5693687718011715
186,0.5550512196208222
187,0.5564646884923936
188,0.5632148267906948
189,0.573234982805541
190,0.583016890850856
191,0.5755688230845769
192,0.5880055182917049
193,0.5920318954822327
194,0.5979633400984802
195,0.5954027638286805
196,0.6022767494332081
197,0.5949103557961055
198,0.589224028529181
199,0.5968347877057861
200,0.5940151034562728
201,0.594660821529098
202,0.5941965766607932
203,0.6060151715540026
204,0.6070673993291382
205,0.6119776728137032
206,0.6086847229782837
207,0.6012261592515012
208,0.602593348673541
209,0.596667238220558
210,0.6038878055894634
211,0.6163813852883875
212,0.6136166815956869
213,0.6178587930363281
214,0.6209398020910233
215,0.6293490110401085
216,0.6434420209341476
217,0.6342862402383203
218,0.6404267968429226
219,0.6302709899685821
220,0.6299330312842308
221,0.6204025407300053
222,0.623289559377044
223,0.6111594003627868
224,0.6152799820380416
225,0.6277113753376448
226,0.6183379972416659
227,0.6218958601837579
228,0.6169626860398099
229,0.6156356766271205
230,0.6189901128014758
231,0.6270626756923777
232,0.6310996408795851
233,0.6329273783434495
234,0.6295726353903419
235,0.6255225759907828
236,0.6324681160743661
237,0.640573659533605
238,0.6381503637663779
239,0.637135643838384
240,0.6337781878288002
241,0.6399805897697226
242,0.6324238283169511
243,0.6285759928691754
244,0.620163367554175
245,0.6129732708310052
246,0.6100586521727361
247,0.6141468357433483
248,0.6070418574756009
249,0.6122847035578662
250,0.6177790216084429
251,0.6066070087080047
252,0.6102698557869742
253,0.613803203351187
254,0.6134495992259352
255,0.6169059035707288
256,0.6218017982716002
257,0.6152387496887117
258,0.6204290459740016
259,0.6230020215711054
260,0.6184672763020813
261,0.6198649706066703
262,0.6180048033962001
263,0.6191613676963226
264,0.610961243433255
265,0.6120633429440765
266,0.5947279610421179
267,0.602895037125421
268,0.5970186638911716
269,0.5914049501182836
270,0.5919223160374188
271,0.5895977737511705
272,0.5830852225082893
273,0.5769250927191942
274,0.5765848704878285
275,0.5699353864853542
276,0.5752959357810412
277,0.5794439427336004
278,0.56959594204865
279,0.5583548342896931
280,0.557196074440754
281,0.5597311432165872
282,0.5558844145968931
283,0.5516219561385055
284,0.5406909543199955
285,0.5377293521487416
286,0.5393128947996595
287,0.5493573470106998
288,0.5470405576374808
289,0.5587585105966368
290,0.56031982129899
291,0.5660575197925394
292,0.5508163227519928
293,0.5540186173161943
294,0.5592138040393556
295,0.5640089619273333
296,0.5689850916480681
297,0.5596670033352238
298,0.566879907482628
299,0.5684824995982339
300,0.5601469928334071
301,0.5611450140598566
302,0.5545494735001558
303,0.5522532437628087
304,0.5520525848914264
305,0.5476585786000943
306,0.5680689060824528
307,0.5601711506775255
308,0.5638421691348
309,0.556714403719798
310,0.5458448272684097
311,0.5340070989132062
312,0.5383232752266235
313,0.5321907577302142
314,0.5325630886621022
315,0.5265706764584784
316,0.530787511982745
317,0.5309437164941098
318,0.5344315091931126
319,0.5316235830899226
320,0.5313155554122335
321,0.517328887056421
322,0.5164976266330623
323,0.5103134251740675
324,0.5169759158670452
325,0.529912356862166
326,0.5327009879269275
327,0.527107667794142
328,0.5301732052281316
329,0.5267668525270073
330,0.5209058799347738
331,0.5437111146711744
332,0.538678349179992
333,0.5401598856820629
334,0.5380782191151614
335,0.5322414402797233
336,0.5292601873815883
337,0.5338829683823775
338,0.5358291252522597
339,0.5334553418600496
340,0.5403651260827316
341,0.5393215559692459
342,0.5403202361063829
343,0.5504366377137363
344,0.5523768790912719
345,0.5549054636715985
346,0.5505622583349106
347,0.5504597110918363
348,0.5557536567954918
349,0.5528693895233384
350,0.5503541317058827
351,0.5549266051728774
352,0.5559595828978504
353,0.5520820204847396
354,0.5576871525707842
355,0.5622294860123771
356,0.5732834310332382
357,0.5703872067687765
358,0.5760797652674683
359,0.5808528465151814
360,0.5877726289402101
361,0.6010381566113395
362,0.6018862758229784
363,0.5968753306406644
364,0.5963161377717279
365,0.5883256074134279
366,0.5873505990412478
367,0.58421403213285
368,0.5801167392043388
369,0.5784692981932519
370,0.5807329708818362
371,0.5733299678101935
372,0.5804077399323848
373,0.5836151932762543
374,0.5848530635867852
375,0.5932230366757933
376,0.5939654213515245
377,0.5889629013394722
378,0.5785696217257065
379,0.5779917505952926
380,0.5857331529915344
381,0.5870361107134533
382,0.5903463234964663
383,0.6022386117106188
384,0.6040534747205544
385,0.6010173568090054
386,0.5968163428879258
387,0.6038771333598494
388,0.5950010900236334
389,0.5943435081768516
390,0.593716640776997
391,0.5901345042902796
392,0.5892267414512352
393,0.5935125150160138
394,0.5944561712325427
395,0.5945570902426216
396,0.5855124230830102
397,0.5819452171172672
398,0.5829401152513303
399,0.5775342668661976
400,0.5742478389166727
401,0.5723359310892784
402,0.5717045703102872
403,0.5711224605272383
404,0.5761523326618403
405,0.5843793434410558
406,0.5839226787877094
407,0.5840307230829129
408,0.5895613783433641
409,0.5971955997199174
410,0.5971635380699127
411,0.6055780669807418
412,0.6045551235459847
413,0.6013401073769645
414,0.6029029092689355
415,0.6045883330994671
416,0.6078154253936435
417,0.6156607850772678
418,0.6138319790368725
419,0.6139500680293506
420,0.6049156932932593
421,0.6006347302480163
422,0.6024590069748801
423,0.6094687418003559
424,0.6168075393626107
425,0.6196961347415384
426,0.6290228747696074
427,0.6278683769893068
428,0.6353826815815776
429,0.6334568869743534
430,0.6361194938210118
431,0.6314009705814261
432,0.6330128747883905
433,0.6336276337943582
434,0.6401459701705048
435,0.6456945871210087
436,0.6415591108380765
437,0.6424845798073685
438,0.6416559692606564
439,0.6430673363641279
440,0.6327096988782246
441,0.6373037780976217
442,0.6382790373913935
443,0.6330889625314464
444,0.6360019197375038
445,0.6586763954872498
446,0.6672225745937346
447,0.6682744028744315
448,0.659592950998203
449,0.6576976677551165
450,0.6692790712286716
451,0.6663897127842451
452,0.6633201126756445
453,0.6591688967942526
454,0.6589675491002029
455,0.6719945374338119
456,0.6825046836574187
457,0.6779528519558979
458,0.6830889720810019
459,0.6902873521141677
460,0.6965688116530299
461,0.703924291320603
462,0.690162812143251
463,0.7015357879706196
464,0.6963445614812934
465,0.6861160466780446
466,0.6799221237065496
467,0.6894981495296898
468,0.6899150467482473
469,0.6890586788119892
470,0.6803385223896841
471,0.6827495601837695
472,0.682678753633932
473,0.6869135659966311
474,0.6766559886230594
475,0.6681102569724526
476,0.6725665463295201
477,0.6543014024395949
478,0.6532268661508165
479,0.6609011524802372
480,0.6546613754469197
481,0.6552062700687875
482,0.6561163800348839
483,0.6566638392775117
484,0.6535280777001309
485,0.6685824501278721
486,0.6635610700884558
487,0.6690222676479681
488,0.6655209074779116
489,0.660490284793005
490,0.6646657574926487
491,0.6505039998132087
492,0.6566187940128728
493,0.6487517662010718
494,0.658893427768829
495,0.6515745298274137
496,0.6609641048558743
497,0.6438305637928032
498,0.6467474103495663
499,0.6387143751403003
500,0.6412788817333096
501,0.6408112066897265
502,0.6399191336453127
503,0.6382462932179582
504,0.6387151062029347
505,0.6597880695766413
506,0.6745022836493831
507,0.679708759602229
508,0.6824834838083307
509,0.6834400294975871
510,0.6880271630264967
511,0.6818698100648776
512,0.671597089942262
513,0.6850014356966954
514,0.6750314975148712
515,0.677214771743023
516,0.6839547404159289
517,0.6818249556446786
518,0.6785083864696295
519,0.6792798328932466
520,0.6782144711783447
521,0.6748799728919499
522,0.6792871972939376
523,0.6827525169948176
524,0.6833622357742541
525,0.6771630590914655
526,0.6866307570042214
527,0.6832195012680603
528,0.6815010146477006
529,0.6887710497707699
530,0.6862146705792442
531,0.6853536273607184
532,0.6862399892985227
533,0.6843571606105447
534,0.6801448576301032
535,0.679666529089778
536,0.6782194878383085
537,0.680426104549053
538,0.6838472933236674
539,0.6806909487739459
540,0.6842316598075673
541,0.6796421629637692
542,0.6794901203917519
543,0.6780047782053717
544,0.6798684527204116
545,0.6884055189955441
546,0.6819603217559291
547,0.6851659777051461
548,0.6872854819065024
549,0.6835434411792883
550,0.689341768449408
551,0.6915846321899375
552,0.6931094922006883
553,0.680867442448942
554,0.6912629367654051
555,0.6918589039181184
556,0.6852023497925037
557,0.6881366011419341
558,0.6937667368837459
559,0.6901075317579045
560,0.6877318524207461
561,0.6823695229172989
562,0.6809265268105192
563,0.6790799777361923
564,0.6722101524771331
565,0.6769830429104633
566,0.6788914843985819
567,0.6843553383039729
568,0.681618664815618
569,0.6809951861692274
570,0.6737131840045527
571,0.6722300122591952
572,0.673401010924148
573,0.6674320591539565
574,0.6897313278550916
575,0.6842533368969768
576,0.681839775742733
577,0.6848439662382039
578,0.6891454596088736
579,0.6883901781795152
580,0.6913794580532142
581,0.6948556337197592
582,0.6929548437196695
583,0.6963255961860704
584,0.6976218559911214
585,0.6995330040203138
586,0.6953263483234638
587,0.6936859090549733
588,0.6936624075214513
589,0.695904193132857
590,0.6950953209429634
591,0.698563834662597
592,0.6939168664919522
593,0.6943296254701439
594,0.6940209638462977
595,0.6978924486094802
596,0.6916772921037344
597,0.6926214007887391
598,0.6942793509264839
599,0.6929511564720303
600,0.6970619854488975
601,0.6974710741520582
602,0.6975138236986803
603,0.7034915604862216
604,0.6992197773343823
605,0.7044863641332966
606,0.7063481525401196
607,0.7039151026686711
608,0.6994630477833429
609,0.6982134558393945
610,0.6924351259316229
611,0.6905788719137501
612,0.6939396371308603
613,0.6926076128540063
614,0.6954221946001111
615,0.6903265176744469
616,0.6942778287753666
617,0.700075243199727
618,0.7029942906793537
619,0.7051713725676803
620,0.7027747248073988
621,0.7054032686142271
622,0.7038964623690186
623,0.7057480425017297
624,0.7154643368529666
625,0.721082835084967
626,0.7206701675031107
627,0.7156529600318087
628,0.7134445438840861
629,0.7158235440502441
630,0.7152133313050237
631,0.7116598006188182
632,0.7163948815120469
633,0.7143177162743611
634,0.7172939635452699
635,0.71989574140642
636,0.7155822204802751
637,0.7171943475483878
638,0.7162875740596063
639,0.7123323778098452
640,0.7156054567782186
641,0.7185914294956821
642,0.7200932463491885
643,0.7167133230712741
644,0.7183758816653147
645,0.7262774629067654
646,0.7272191139766786
647,0.727829733952769
648,0.7358898938674947
649,0.7332861854410033
650,0.735020301904826
651,0.7358147302347166
652,0.7347396810138545
653,0.7332672397483408
654,0.7329551685784621
655,0.7204928083807254
656,0.7150102584961252
657,0.7166397351966343
658,0.7123635683396372
659,0.7168023189429429
660,0.7060270393094893
661,0.7052123674913937
662,0.7099453660506488
663,0.7143745281142408
664,0.7167874206170213
665,0.7176396555003572
666,0.7209101325070715
667,0.7205743244458396
668,0.7270173484712751
669,0.7162804126698943
670,0.7237993665793716
671,0.7301648135861084
672,0.7283272603746931
673,0.7311939403303335
674,0.7356035155806018
675,0.7383624931965475
676,0.737552774818878
677,0.7359162604296912
678,0.7375252160890471
679,0.7374000877547884
680,0.7415006042925433
681,0.7499471928409289
682,0.7532195199250649
683,0.7532600967473038
684,0.7538866343477073
685,0.7551275656206404
686,0.7531127698890309
687,0.7541243840879857
688,0.7531588828738311
689,0.7526124506540863
690,0.7504508608994329
691,0.7512929447177902
692,0.7536446859183913
693,0.7527831574832555
694,0.7524804107241447
695,0.7561020186181138
696,0.762122622471499
697,0.7654266267818368
698,0.7616141935303989
699,0.7634511790412705
700,0.7535465992425872
701,0.748208423568504
702,0.7482823419325966
703,0.7490154726608267
704,0.745999302575892
705,0.7487702272348746
706,0.7504497431901724
707,0.7469467640535983
708,0.7510480215585544
709,0.7470858538835459
710,0.7475383227472021
711,0.7400015408235674
712,0.7417340802154074
713,0.7424480696530738
714,0.7427502520777896
715,0.7495015841992967
716,0.7441288938738021
717,0.7454924614632568
718,0.746217623078508
719,0.7427962625370392
720,0.7365898296889692
721,0.7286340638024786
722,0.7274124808410168
723,0.7288282345156281
724,0.729509638295839
725,0.7364031448621007
726,0.7405174921597003
727,0.7411130457724455
728,0.7421305284906929
729,0.7379623840727796
730,0.743986396305889
731,0.7431898443934113
732,0.745552240714429
733,0.7512650243561275
734,0.7486363785155716
735,0.7478932923534019
736,0.7500000608746666
737,0.7498039418799086
738,0.749253414919262
739,0.7446932471560788
740,0.7459792308431802
741,0.7483661837301767
742,0.7455586279483597
743,0.7489565287034211
744,0.7491692001401631
745,0.7621493818503127
746,0.7640098852545931
747,0.7642150224881854
748,0.7610027613625403
749,0.7644899725496982
750,0.7574022381276371
751,0.7594902595439571
752,0.7626163473139725
753,0.7613498312287315
754,0.7563607209760213
755,0.7531417997205279
756,0.7535441330941024
757,0.7569530109006841
758,0.7556725192861817
759,0.7511584076090145
760,0.7488245167772926
761,0.7526328295742668
762,0.7557929154889678
763,0.759032994953865
764,0.7578556162958718
765,0.7543887594571355
766,0.7504928938487996
767,0.7526648040364481
768,0.7522793488615089
769,0.7578466350106399
770,0.757458641868388
771,0.7544684927113186
772,0.7539870535715436
773,0.75349115006227
774,0.7560045365447567
775,0.7557185183637696
776,0.7564461754809508
777,0.7552637361233807
778,0.756299066261102
779,0.756432220004089
780,0.7567463991022321
781,0.7567002254088291
782,0.7593127463768565
783,0.7563195778971079
784,0.7594363532674262
785,0.7597563841953721
786,0.7596447838727327
787,0.7596686692293431
788,0.7623004904810513
789,0.7614977016164861
790,0.7549461910108568
791,0.7494299915815623
792,0.7502573925605629
793,0.7466466023802318
794,0.7458088300575414
795,0.7442476990724758
796,0.7433637547041064
797,0.744063689491333
798,0.7423091376434112
799,0.7411311637777012
800,0.740322292139289
801,0.7390225174638756
802,0.7405604309461384
803,0.7397879179455489
804,0.7352894886348729
805,0.7361182828093058
806,0.7386301214658488
807,0.7384691857637413
808,0.7406642205767848
809,0.7399648814688711
810,0.7435487603996933
811,0.7422521472689905
812,0.7382357605406463
813,0.7333981289071617
814,0.7318384279882454
815,0.7320227865856526
816,0.7317738538546241
817,0.7345160148891071
818,0.7333417513696876
819,0.7356671928073335
820,0.7375285786380608
821,0.7365950429651399
822,0.7364919335333041
823,0.7369778958606833
824,0.7384126330620108
825,0.7364669205958925
826,0.7382508180231658
827,0.7415942326824689
828,0.741513048091921
829,0.7404361034100951
830,0.7383780128324076
831,0.7363602280140855
832,0.7365126142062985
833,0.7361071085932432
834,0.7384473706811855
835,0.7343820273999044
836,0.7346951621195765
837,0.7366847164725477
838,0.733240449292377
839,0.7297577174079264
840,0.7272468153542887
841,0.7287650457870773
842,0.7285923707272379
843,0.7241014070387148
844,0.7239239988485002
845,0.7250014208193694
846,0.7220727542105025
847,0.7231019977729745
848,0.7219634929085688
849,0.7238394730334506
850,0.7230869016943325
851,0.7253816250966516
852,0.7247296260377187
853,0.7209132381762942
854,0.7198618557485033
855,0.7179098821322156
856,0.7217969466741032
857,0.7203567698096622
858,0.7191929799399006
859,0.7198178239562103
860,0.7198906926656309
861,0.7216413116343948
862,0.7200704582332065
863,0.7180874934267881
864,0.7164320054213231
865,0.7185468828438487
866,0.7135292291265978
867,0.7122697577971969
868,0.710792269500802
869,0.7115683760211653
870,0.7103509786183064
871,0.7076877018739043
872,0.7087383769724152
873,0.7124287103941037
874,0.7124559141319047
875,0.6978804086169865
876,0.6978932196712962
877,0.6969837086157991
878,0.700864880347375
879,0.7017567428683522
880,0.7034622198105231
881,0.7072954287108106
882,0.7048731263856476
883,0.7065383730947509
884,0.7034582801996256
885,0.7101915684759392
886,0.7044867989530634
887,0.704555539416371
888,0.7039466676702446
889,0.7010772708564734
890,0.6964707225829485
891,0.6931726324087741
892,0.6944621812602191
893,0.6906626987866002
894,0.6876629754762248
895,0.6892161151879184
896,0.6821717101889011
897,0.6887260233487361
898,0.6871936383258311
899,0.6933268307995737
900,0.687822434900933
901,0.6818360878694167
902,0.6874398811871305
903,0.6816969710907954
904,0.6906590607855738
905,0.6910452863607988
906,0.6897481698827668
907,0.6924554655885912
908,0.6864753107398445
909,0.6811531601702885
910,0.6864958979125477
911,0.6883938264596638
912,0.6888519544478389
913,0.6929046242591783
914,0.6876398134196331
915,0.6876694412902653
916,0.6941439283050326
917,0.6969962379396639
918,0.7006973141029251
919,0.7000168792294648
920,0.6943851197232996
921,0.6980094995827368
922,0.696470142986094
923,0.7041269755144983
924,0.6999302267419544
925,0.7046266783454836
926,0.7124233246112182
927,0.7059549426376008
928,0.7134543748769951
929,0.7193790093871566
930,0.7201136207454415
931,0.7049049199323567
932,0.7123155074512292
933,0.7132654245749233
934,0.7145584962583624
935,0.7120622258983136
936,0.7145102026837329
937,0.7146029570537069
938,0.7120353674094689
939,0.7093340818487697
940,0.7145195687957626
941,0.7147885428780683
942,0.7125680618035239
943,0.7132941156711036
944,0.7123365901503302
945,0.7117733465037477
946,0.7134834958196731
947,0.7101760724046239
948,0.7107423751897892
949,0.7065531144037653
950,0.7033830019258702
951,0.7006716482767203
952,0.7033837150635822
953,0.7019159190783542
954,0.7030779049258997
955,0.703333409141869
956,0.7003687099107905
957,0.6999819089605421
958,0.6956340141653695
959,0.6916770496564264
960,0.691768056122099
961,0.6832263806787611
962,0.678315836740899
963,0.6701259643067154
964,0.6697841872666839
965,0.6689395110542711
966,0.6677352911838726
967,0.665243050522048
968,0.658793153297333
969,0.6576368196094782
970,0.6405664861060746
971,0.641310855327677
972,0.6444734354439032
973,0.6445950393445761
974,0.646501346780245
975,0.6296031109278679
976,0.6060704439817255
977,0.6207955464113031
978,0.6268188093537939
979,0.619266332849415
980,0.6264349636803325
981,0.6196926386021733
982,0.623958228627531
983,0.6332425257347971
984,0.6209016929561784
985,0.6338878631071156
986,0.6280127804877844
987,0.6271610022529623
988,0.6303589251486922
989,0.6331641807130783
990,0.6346935098065837
991,0.632910259007666
992,0.627421744168903
993,0.636035467772819
994,0.6334147370901775
995,0.6321282339851445
996,0.6336870402373542
997,0.6291453568205279
998,0.6295606171196739
999,0.6311448787748251
1000,0.6214482528996169
1001,0.6200739020305731
1002,0.6231071474410999
1003,0.620766178310275
1004,0.6131713828406704
1005,0.6110164052990659
1006,0.5998219489829689
1007,0.6018484117454119
1008,0.5905976584870958
1009,0.5799952021770425
1010,0.5855589200776053
1011,0.574513171499879
1012,0.5816507833201027
1013,0.5831376830446864
1014,0.5970560546204542
1015,0.5862880063908502
1016,0.5951751255917159
1017,0.6029125779039735
1018,0.5997802694708456
1019,0.6030720824560962
1020,0.5958957692044586
1021,0.5960811719091442
1022,0.5953154206091569
1023,0.5882496480429518
1024,0.5886419703160961
1025,0.5969926618716176
1026,0.6031641076227346
1027,0.6009663711721778
1028,0.5961257380503633
1029,0.5922039037299109
1030,0.585367248178496
1031,0.5792155540280093
1032,0.5756758370142452
1033,0.5786471154051356
1034,0.5794850309745913
1035,0.5850492870565572
1036,0.588365332139436
1037,0.5851576382441099
1038,0.5867366413610948
1039,0.5869811141528971
1040,0.5921129772110998
1041,0.5934263372840627
1042,0.5949971418420064
1043,0.6006888380566839
1044,0.6125757216724449
1045,0.6224383872333701
1046,0.6232763784335997
1047,0.6202877299769787
1048,0.6223740870060086
1049,0.6319908216849315
1050,0.6261195724974594
1051,0.6222901990779228
1052,0.6200448508015843
1053,0.6246869324314913
1054,0.6316532750329933
1055,0.6360484711698371
1056,0.6397107374897297
1057,0.6330577278613772
1058,0.6225776701229333
1059,0.6215317082246739
1060,0.6216250736406698
1061,0.614902593405535
1062,0.6133317425018852
1063,0.6133253004678676
1064,0.6175459911310838
1065,0.6224672583087487
1066,0.6239937139393825
1067,0.6243186477029796
1068,0.6379634524151341
1069,0.6473776784405512
1070,0.6438760531205701
1071,0.6419150368980271
1072,0.6502817204887217
1073,0.6507502333292272
1074,0.6451461689427134
1075,0.642776265471906
1076,0.6399794716033915
1077,0.6449452401727152
1078,0.6423487221858457
1079,0.6525185585700108
1080,0.6502120403711614
1081,0.6494402590067234
1082,0.6502874300996742
1083,0.6388040245396716
1084,0.6415027072022096
1085,0.6400262660115944
1086,0.6181670723409839
1087,0.6375896173573478
1088,0.6294301025355897
1089,0.62573711422778
1090,0.6287828161076413
1091,0.6187957787443701
1092,0.6238354060397695
1093,0.6203137970787413
1094,0.6177210091456184
1095,0.6208816329372897
1096,0.6294612021366841
1097,0.6236377728585798
1098,0.6238770140285248
1099,0.6214388434955505
1100,0.6183317908648771
1101,0.6139783041911011
1102,0.6151286824898556
1103,0.6211853431418289
1104,0.6211169641776164
1105,0.6249690358029893
1106,0.6231620531180295
1107,0.6297820361967836
1108,0.6294929967833125
1109,0.6248388207255774
1110,0.6219671310120426
1111,0.6241139567619298
1112,0.6227535171311227
1113,0.6191290012926169
1114,0.6221755691770484
1115,0.6241225815676186
1116,0.625069043152697
1117,0.6303901122166736
1118,0.6343601097653442
1119,0.6398258964308723
1120,0.6402807016084616
1121,0.6349848178921483
1122,0.6342545720321067
1123,0.630345518814622
1124,0.6348377690613862
1125,0.64184225885499
1126,0.6451162329935662
1127,0.6484570728553255
1128,0.6444069873190215
1129,0.6348748176218422
1130,0.6319374803123904
1131,0.6306185026650457
1132,0.6305973244005073
1133,0.629682278426098
1134,0.6276847370556019
1135,0.6183073093864091
1136,0.6163272696475111
1137,0.618354915481619
1138,0.6247237970065171
1139,0.6266341453732968
1140,0.6336647758896752
1141,0.6384473937006889
1142,0.633640764427458
1143,0.6312314395381033
1144,0.6331535249128488
1145,0.6394588916396925
1146,0.6308761862721175
1147,0.6252970585446292
1148,0.6180217252393834
1149,0.6239030542235794
1150,0.6232162356440039
1151,0.6255389764039075
1152,0.6254540181140336
1153,0.6274501559150001
1154,0.6210424081166388
1155,0.6224249633931027
1156,0.6259395218809989
1157,0.6254448295652753
1158,0.6300858608821645
1159,0.6264892327722493
1160,0.630210686640621
1161,0.6376910834704177
1162,0.6357662051079054
1163,0.6367948207123688
1164,0.6398673028923991
1165,0.6325246700745153
1166,0.6329591553069114
1167,0.6315388316926763
1168,0.6346598067721532
1169,0.6344946261712276
1170,0.618421799954578
1171,0.6157362404565019
1172,0.6177867987679122
1173,0.6134127223224246
1174,0.606785017562404
1175,0.6123672201877497
1176,0.6125920814983437
1177,0.6131256715358362
1178,0.6105435786769384
1179,0.604925207418678
1180,0.6069049563060612
1181,0.602313247142709
1182,0.6037733305269625
1183,0.6021064171013204
1184,0.6025984986302593
1185,0.6057217613430164
1186,0.5959936042010119
1187,0.5991740553263849
1188,0.5966106413970962
1189,0.5989366329145793
1190,0.6004706880913303
1191,0.5940302695304456
1192,0.5940547909404466
1193,0.5923187341457592
1194,0.5916767517109278
1195,0.5898768586430951
1196,0.5891592854745571
1197,0.5901620923724733
1198,0.5927844737427447
1199,0.5932639503258105
1200,0.6138114693797017
1201,0.6138584311087117
1202,0.6103546610053621
1203,0.6133284455214008
1204,0.6174498143189104
1205,0.61204044386201
1206,0.6111480576733139
1207,0.6127050415000581
1208,0.6109799830784581
1209,0.6097950710464755
1210,0.6074188288912487
1211,0.6041721860648737
1212,0.6071060340367356
1213,0.6091544914689395
1214,0.6055480760372525
1215,0.6066086820407318
1216,0.6067700556983832
1217,0.6079443263417055
1218,0.6051689442316346
1219,0.6052508605562015
1220,0.598763493415934
1221,0.5984766548314653
1222,0.5926994375860194
1223,0.5851526515346969
1224,0.5850445543249966
1225,0.5915190994417351
1226,0.5906574389492759
1227,0.58675685320396
1228,0.586466292707009
1229,0.5879221927707816
1230,0.5893553964552083
1231,0.5885687738974402
1232,0.58845865343423
1233,0.590681096303415
1234,0.5859076934304215
1235,0.588373663428671
1236,0.5863845598014267
1237,0.588995928041889
1238,0.5906270154994864
1239,0.5944320233263027
1240,0.5986916862346058
1241,0.6009396896816661
1242,0.604209021885834
1243,0.601701177328996
1244,0.6068900349441981
1245,0.6098029287434208
1246,0.605908570324174
1247,0.6036714772805265
1248,0.6093505477293591
1249,0.6000395785626944
1250,0.5995940064419247
1251,0.5976287278670821
1252,0.5963853544455929
1253,0.5932585530170004
1254,0.5922844085099046
1255,0.5867545355458935
1256,0.5843330091678216
1257,0.5789794977197738
1258,0.5739970762061766
1259,0.5739515036261671
1260,0.5794102333816444
1261,0.5738489492152217
1262,0.5656150588641032
1263,0.5712670035213512
1264,0.5686721765153273
1265,0.5759005086568532
1266,0.5799829555648776
1267,0.5801807511726501
1268,0.5756835780146644
1269,0.5771689150280324
1270,0.5902493732556804
1271,0.5935605747797886
1272,0.5886008431624716
1273,0.5858978437828865
1274,0.5929597526764281
1275,0.5945489553400793
1276,0.5918889171056109
1277,0.5915492464225642
1278,0.5910723761920342
1279,0.5884180175869633
1280,0.5893112140111667
1281,0.5914756226835665
1282,0.5944350525443282
1283,0.5983863664562158
1284,0.6003031214209242
1285,0.6043079736997239
1286,0.6017385367413084
1287,0.5996639948673314
1288,0.5952365702093432
1289,0.5940927280653405
1290,0.5860171069361707
1291,0.5877116032684474
1292,0.5868537679233876
1293,0.5877535739865063
1294,0.5828349887831347
1295,0.5817236429136344
1296,0.5783247746788989
1297,0.5836864132817488
1298,0.5884310611697879
1299,0.586811516614877
1300,0.5839736458899019
1301,0.5882821301746223
1302,0.5897012966971334
1303,0.5924782897049901
1304,0.5960754503197966
1305,0.5829361563480135
1306,0.5843223509941105
1307,0.5889843909055714
1308,0.5886244424298581
1309,0.58880379939847
1310,0.5834630702719849
1311,0.5823003248540981
1312,0.5866956121768796
1313,0.5893931858864762
1314,0.5901351415190328
1315,0.5892020392017459
1316,0.5824891666983991
1317,0.5843146646865844
1318,0.5837243152601077
1319,0.5816506621361863
1320,0.5791596028645538
1321,0.5810837743365144
1322,0.5777309488406498
1323,0.5750628711271426
1324,0.5764615218260444
1325,0.5772791818085949
1326,0.5755355044343536
1327,0.5788530416842221
1328,0.5771313864950571
1329,0.5760033908676327
1330,0.5702929727472493
1331,0.5766195738392312
1332,0.5808195832879133
1333,0.5795209285319236
1334,0.5813496318288913
1335,0.5753922659232524
1336,0.5667921110245555
1337,0.5696309226070811
1338,0.562808094473279
1339,0.5656934613948138
1340,0.5597956828901756
1341,0.567295275394841
1342,0.5615086617084479
1343,0.5594554864943821
1344,0.5656245828924626
1345,0.5662813085594014
1346,0.5307553979902777
1347,0.5277726566256196
1348,0.5364945116736262
1349,0.5412520431482437
1350,0.5407415236451751
1351,0.540172547177986
1352,0.5414837010870251
1353,0.5288253389454773
1354,0.5315932958162207
1355,0.5272435397781712
1356,0.5250472989760335
1357,0.5344233841539592
1358,0.5448613630110954
1359,0.5443149526946949
1360,0.5501913810264762
1361,0.5471547939867794
1362,0.5517832803099154
1363,0.5470683630717579
1364,0.5523695919000451
1365,0.5471750611940216
1366,0.5445022864521032
1367,0.5427814904116133
1368,0.5392206332933054
1369,0.5465998072998948
1370,0.5464919379994305
1371,0.5424186269680427
1372,0.5425337636678849
1373,0.5409221832841938
1374,0.5366176716353952
1375,0.5346624540250604
1376,0.5353111542167821
1377,0.5353781512170379
1378,0.5362846885316925
1379,0.5385487037261035
1380,0.5377320327734085
1381,0.537669525950049
1382,0.5388532178888431
1383,0.541613048581892
1384,0.5421698290304491
1385,0.5471788355672547
1386,0.5450303338496317
1387,0.5453447613439009
1388,0.5441135456447129
1389,0.542253605140858
1390,0.5444157022470448
1391,0.543125392413911
1392,0.5420687202655246
1393,0.5436385552496557
1394,0.5461970560880367
1395,0.5492012794886625
1396,0.549126383102656
1397,0.546508869918824
1398,0.5457452326497458
1399,0.5460728396569001
1400,0.5506620527723951
1401,0.5487585228059604
1402,0.5459373449935645
1403,0.5473039065520005
1404,0.54977218570607
1405,0.5472734537207338
1406,0.5415243055533143
1407,0.5412853410562067
1408,0.5377538716397893
1409,0.5358150184336006
1410,0.5391125601259552
1411,0.5417258605076383
1412,0.5401949464168803
1413,0.5382959788280662
1414,0.5408088308566545
1415,0.5415033873278398
1416,0.5443959215909169
1417,0.5435393987417685
1418,0.5483248085033379
1419,0.5507049036982876
1420,0.5469741933844756
1421,0.5478307001539224
1422,0.5463681816657022
1423,0.5384401613226292
1424,0.5387044364521589
1425,0.5391450579507749
1426,0.5339953109472426
1427,0.5370027239152884
1428,0.5339518064967146
1429,0.5316632600439241
1430,0.5313015893219475
1431,0.5266158693228166
1432,0.5278929335635582
1433,0.5280445788597979
1434,0.5318974933886024
1435,0.5339062262808073
1436,0.5376983389471345
1437,0.5379729766821464
1438,0.5413857279541545
1439,0.5414564380084648
1440,0.5403927827003616
1441,0.5454207701943683
1442,0.5425614974449959
1443,0.5425682338309632
1444,0.5383964685907603
1445,0.5404327069092592
1446,0.535363899178694
1447,0.5355198109205735
1448,0.5374820012195219
1449,0.5346310302155852
1450,0.5347777669676032
1451,0.5349721304012512
1452,0.5377932763273054
1453,0.5390310800232752
1454,0.5393130230749302
1455,0.5438672415871528
1456,0.544861675664922
1457,0.5411953289101512
1458,0.5468721267947255
1459,0.5526047057620085
1460,0.554581305833181
1461,0.546330928105895
1462,0.5617777957426836
1463,0.5597347248032456
1464,0.5614557597997207
1465,0.5520585899955456
1466,0.5523966169827693
1467,0.5579082764924146
1468,0.5579753959892724
1469,0.5580928074413507
1470,0.5554367439530197
1471,0.5557880318964386
1472,0.5488502424805202
1473,0.5514499339058323
1474,0.553261218305088
1475,0.5536412106449526
1476,0.5539333636979356
1477,0.5535802060463249
1478,0.5552814316693268
1479,0.5499300936477546
1480,0.5585208923521026
1481,0.5571620463024909
1482,0.5551960241165839
1483,0.5528376181937462
1484,0.556597989383905
1485,0.5563031849021451
1486,0.5591998121069972
1487,0.5582472294793157
1488,0.5548690492368403
1489,0.5549298916628085
1490,0.5544237610257884
1491,0.5533374507443274
1492,0.5509607245332178
1493,0.552494472992088
1494,0.5556970980399086
1495,0.5592339149810366
1496,0.5580791155522268
1497,0.5571073742151004
1498,0.5593784549052457
1499,0.5587482188128139
1500,0.558602628124316
1501,0.5619924941035181
1502,0.5568988657540118
1503,0.5603300681442267
1504,0.5600220790646684
1505,0.5571996542793256
1506,0.5581766836027215
1507,0.5513652155140295
1508,0.5487923848835198
1509,0.5479245328326345
1510,0.5520407410312373
1511,0.5511743810951317
1512,0.5485688515692488
1513,0.5497331764241964
1514,0.5511245908593819
1515,0.5525182482473553
1516,0.5471496157902733
1517,0.5474838044616965
1518,0.5439781510309961
1519,0.5438408139909909
1520,0.5427858615907759
1521,0.5380278924138873
1522,0.5430592055301297
1523,0.5434044991188376
1524,0.5455758465546563
1525,0.5445873940024547
1526,0.550939881419807
1527,0.5480164632823122
1528,0.5473660149443605
1529,0.547843569992386
1530,0.5536162415122988
1531,0.5603747372141866
1532,0.5582487999576795
1533,0.5540269721151626
1534,0.5581064202031741
1535,0.5607461302297994
1536,0.5552057983939129
1537,0.5543594494576374
1538,0.5554747985905129
1539,0.5529522917294092
1540,0.5508305172064031
1541,0.554003321807979
1542,0.5558509481111387
1543,0.5545321449810527
1544,0.5496401091457954
1545,0.5467322101288004
1546,0.5429358178957486
1547,0.5405155678908284
1548,0.5419812046668376
1549,0.5392151720873437
1550,0.5393728828665786
1551,0.5359236250698783
1552,0.5348366638004499
1553,0.5308032506769755
1554,0.532319555199356
1555,0.5288188093062032
1556,0.5249022084121469
1557,0.5311738618219315
1558,0.535256522668828
1559,0.5355319566926697
1560,0.5379654248068203
1561,0.5533013281668315
1562,0.5510498039926564
1563,0.56241840120306
1564,0.5615356544530483
1565,0.5581670127527226
1566,0.5618824820603716
1567,0.5643398283571289
1568,0.5671039360425443
1569,0.5671630157809302
1570,0.573306680989013
1571,0.5726815427728226
1572,0.5722572642026819
1573,0.5711885033109582
1574,0.5727992980017482
1575,0.5699075000993796
1576,0.5723614574905065
1577,0.5783254863849867
1578,0.5826319174030472
1579,0.5807658633133165
1580,0.5786055583513954
1581,0.5852763681157165
1582,0.5862074905867943
1583,0.5862646390882303
1584,0.5883987005420532
1585,0.5877322131712741
1586,0.5828918339541478
1587,0.5788017972502921
1588,0.580711623647291
1589,0.5862606571606712
1590,0.5868617502429545
1591,0.587617244129768
1592,0.5853538174003254
1593,0.5826597421039986
1594,0.5831009280626126
1595,0.5773290116054081
1596,0.5806520811971939
1597,0.5785166953134048
1598,0.5801385134843575
1599,0.5780339135130146
1600,0.5792262512696338
1601,0.5841295073095087
1602,0.582257459014564
1603,0.5801409354073863
1604,0.5823942234927183
1605,0.5809845326013374
1606,0.5845967819808731
1607,0.5861512920286243
1608,0.5999311492187076
1609,0.6040229273900362
1610,0.6071742775553277
1611,0.6067994354620571
1612,0.6076943865407366
1613,0.6049390995313145
1614,0.6048905497082223
1615,0.6108347502213952
1616,0.6129097850614069
1617,0.6173374394603512
1618,0.6173374394603512
1619,0.6111824551238705
1620,0.6104040577682612
1621,0.6115002512052893
1622,0.6122310597395317
1623,0.61557077068341
1624,0.6133638536119405
1625,0.6213072874478167
1626,0.6213799594594
1627,0.6192480539620766
1628,0.6230671835995955
1629,0.6258086042712832
1630,0.6225846150269623
1631,0.6246522051298765
1632,0.6300614494681253
1633,0.629353931254663
1634,0.6339196149610682
1635,0.6329262769262787
1636,0.6283084019035563
1637,0.6299096958199714
1638,0.623416454113574
1639,0.6237542970264687
1640,0.6203565401384074
1641,0.625313208675568
1642,0.624383303684569
1643,0.6245492999283321
1644,0.6245577129816182
1645,0.6169975247635378
1646,0.6201759733456531
1647,0.6228899897259778
1648,0.6224184232979325
1649,0.6231592577116378
1650,0.6247792342143444
1651,0.6357822119761053
1652,0.6340999755025001
1653,0.6391938588464332
1654,0.6360810839992024
1655,0.6358828459850998
1656,0.6322592508985176
1657,0.6331504474558604
1658,0.6303634263571263
1659,0.6329833676576924
1660,0.6372679353764071
1661,0.6361907895023047
1662,0.6365802906712499
1663,0.6414277740876944
1664,0.6360473736534413
1665,0.6358661870339687
1666,0.6426209666573063
1667,0.645643119895102
1668,0.648592504826601
1669,0.6433841553016011
1670,0.6486885315973516
1671,0.6472168603615164
1672,0.6386262353384482
1673,0.6358233639591615
1674,0.6350625813431519
1675,0.6358828346943579
1676,0.6386500220156932
1677,0.6334280744138439
1678,0.6348488729403411
1679,0.6355100760034593
1680,0.6317676420115665
1681,0.6331571529710176
1682,0.6335614479257743
1683,0.6379476996515776
1684,0.6423133718329557
1685,0.6388456369049236
1686,0.6358792144844969
1687,0.6357058406283544
1688,0.634011061224057
1689,0.6393157979055295
1690,0.6420206699926867
1691,0.6405530919859386
1692,0.6379797933452392
1693,0.6405339744279418
1694,0.6436852459429867
1695,0.6317724580752135
1696,0.6275246012371203
1697,0.6280462591394267
1698,0.6308282665438096
1699,0.6312193299110824
1700,0.6333136226043727
1701,0.6303041929038549
1702,0.628302671675427
1703,0.6273501518887077
1704,0.6278236372248255
1705,0.6292512379302098
1706,0.6317292538473015
1707,0.631623490704132
1708,0.6408003528767315
1709,0.6379757788083006
1710,0.6379757788083006
1711,0.630090626420976
1712,0.6331341316330856
1713,0.6318403110139488
1714,0.6335115680784849
1715,0.6363588027264375
1716,0.6438101017950106
1717,0.6399427690739327
1718,0.6375394740268292
1719,0.6393898898299551
1720,0.6454145038126238
1721,0.6437469132745458
1722,0.6427716927254287
1723,0.6399170666174935
1724,0.6368813064967693
1725,0.6381836831826
1726,0.6396799046055899
1727,0.6402544836223514
1728,0.6375008863291587
1729,0.6414978420394487
1730,0.6350348543467192
1731,0.6339577635996922
1732,0.6365052770156543
1733,0.6428670175009056
1734,0.6468088817677462
1735,0.6455349590341479
1736,0.6454243724205985
1737,0.6466364845559953
1738,0.6450475593488719
1739,0.6484830829498103
1740,0.6502243327023256
1741,0.6542894395439345
1742,0.6552570444353738
1743,0.6570507950864144
1744,0.6544599538372092
1745,0.6597695952119513
1746,0.658923058464294
1747,0.653602246496092
1748,0.6487199930655398
1749,0.6451681641617892
1750,0.6512951538446662
1751,0.6623007640228605
1752,0.6660980237953539
1753,0.6655022063715629
1754,0.6628234532817319
1755,0.6654819580320872
1756,0.665514481176749
1757,0.6667627824181793
1758,0.6673839448494249
1759,0.6704697477152599
1760,0.6721569996075394
1761,0.670484500823968
1762,0.6679826283984245
1763,0.6694152628042263
1764,0.6721320951018968
1765,0.6802145271702493
1766,0.6778770007199157
1767,0.667646597778931
1768,0.6709748791753238
1769,0.6601778879020002
1770,0.6567429808775573
1771,0.6572782603868099
1772,0.6608585308280324
1773,0.6608931530070139
1774,0.6649592431880205
1775,0.6658314644870204
1776,0.6591570535060045
1777,0.6599863506130401
1778,0.6577929442177217
1779,0.6542854294371758
1780,0.6546997265156234
1781,0.6526549838373454
1782,0.6548907783083655
1783,0.6496393284808486
1784,0.6431709889900001
1785,0.6474701400316527
1786,0.6484847059945934
1787,0.6530973252549498
1788,0.6564651359200169
1789,0.6590957997924891
1790,0.6513652216490675
1791,0.6536067865223999
1792,0.6533777358784414
1793,0.6586351713861816
1794,0.6558056684237716
1795,0.6512104552773053
1796,0.6474395701377621
1797,0.6520234458237444
1798,0.6473324101457116
1799,0.6526265628343894
1800,0.6467293109114479
1801,0.6486172857406708
1802,0.6595775061696887
1803,0.6556761172252079
1804,0.6534170528952267
1805,0.6514227287730705
1806,0.6515892445207975
1807,0.6476823179799291
1808,0.6492673258437573
1809,0.6513492360984867
1810,0.6497361257863499
1811,0.6509587122626148
1812,0.6540890222383602
1813,0.6588726636714461
1814,0.6583441382293049
1815,0.6566647094171721
1816,0.6580626659617987
1817,0.6603368978443842
1818,0.6592631605859061
1819,0.6611337168025024
1820,0.6588263329249145
1821,0.6549475793988299
1822,0.6536363124213113
1823,0.6564494792400415
1824,0.6532300032891099
1825,0.6480718217035586
1826,0.6482554573051486
1827,0.6458435251286065
1828,0.6411110509786058
1829,0.6377851626998376
1830,0.6376455384891256
1831,0.6351663561078397
1832,0.6325993258156698
1833,0.6277293635969108
1834,0.6296667808481862
1835,0.6334854122232231
1836,0.6357631729304648
1837,0.635808431640266
1838,0.6295240911103862
1839,0.6295323383999631
1840,0.6298700700801375
1841,0.627790040526812
1842,0.6302894301164698
1843,0.6288315746970756
1844,0.6189146221395414
1845,0.6174764786020852
1846,0.6161671586248074
1847,0.6102353311246601
1848,0.5989857560750242
1849,0.6105118301901709
1850,0.6126810289868843
1851,0.6144542076834749
1852,0.6185638427762945
1853,0.62014900042207
1854,0.6260513424817007
1855,0.6249316824794423
1856,0.6229082418681077
1857,0.6262272970981586
1858,0.6244811468821811
1859,0.6283448130793838
1860,0.610968613952997
1861,0.613187632835356
1862,0.613828049722149
1863,0.6101826790342784
1864,0.6106763728218132
1865,0.6110268799764031
1866,0.6153622215583748
1867,0.6173876433823211
1868,0.6151791996573878
1869,0.6088446944222401
1870,0.6099880543267149
1871,0.6201472959158809
1872,0.6179304374247179
1873,0.6172529602873223
1874,0.617905624592785
1875,0.6209615718443696
1876,0.6246642966021732
1877,0.6273414308332637
1878,0.624446196547482
1879,0.6254277787471263
1880,0.627640373956079
1881,0.627544989015053
1882,0.6297932674381936
1883,0.6281667324590179
1884,0.6266051299613955
1885,0.6254631720652303
1886,0.6265870984729339
1887,0.6246026596464825
1888,0.6229627390008661
1889,0.625338756923424
1890,0.6191861842717445
1891,0.619643431994477
1892,0.6236034872294887
1893,0.6258285939375902
1894,0.6231020732597019
1895,0.6170975670006033
1896,0.6132196297139673
1897,0.6133894086300689
1898,0.6169210219927814
1899,0.6155424144256146
1900,0.609599028462395
1901,0.5973659928385593
1902,0.5981169616187976
1903,0.5962068645558121
1904,0.5931737975803499
1905,0.5971594330460162
1906,0.6000764901188812
1907,0.6019691224733553
1908,0.6095541757689782
1909,0.6121767172022581
1910,0.6123747157678985
1911,0.6202587290203389
1912,0.622352850358866
1913,0.6230750462246144
1914,0.6269257996900314
1915,0.6202567283124684
1916,0.6159212704222944
1917,0.6167731313980768
1918,0.6161257454637729
1919,0.6199087083028498
1920,0.6145363310630776
1921,0.611746766095705
1922,0.6155414660565395
1923,0.6175421689684394
1924,0.618482243830438
1925,0.6268276077915027
1926,0.6216606684937084
1927,0.6236333469390443
1928,0.6270494003689436
1929,0.6268087572502952
1930,0.6355273065700202
1931,0.6337703924155569
1932,0.635004820015837
1933,0.6365884337086594
1934,0.6343060786294121
1935,0.6284293212846555
1936,0.627844199262575
1937,0.626332091448891
1938,0.6226824762308408
1939,0.620774697953874
1940,0.621422364151564
1941,0.6210048192430112
1942,0.6160524593588288
1943,0.6166599760792931
1944,0.6147036704175207
1945,0.6191438897963168
1946,0.6165656434419925
1947,0.6175560711691995
1948,0.6191036367011576
1949,0.614545209105275
1950,0.6094627661509503
1951,0.6145372485770895
1952,0.6125539409535725
1953,0.6115155842329489
1954,0.6038141611138013
1955,0.6036775836963078
1956,0.6033165487478219
1957,0.6033705576288283
1958,0.6042906053222781
1959,0.6010415072170918
1960,0.6072380937383796
1961,0.6087088256013422
1962,0.6104539482974954
1963,0.6128698456437298
1964,0.613333032156528
1965,0.6099770613291043
1966,0.6061232491754633
1967,0.598458415774289
1968,0.6047597241191248
1969,0.6038204970347949
1970,0.604803346783833
1971,0.6081449523695805
1972,0.6100941297294773
1973,0.60469874538044
1974,0.6073899342120797
1975,0.6083778717539547
1976,0.6029699949439908
1977,0.6052474427362036
1978,0.6037052050220049
1979,0.6082406437819473
1980,0.609503820430329
1981,0.6070818054956361
1982,0.6073016651055162
1983,0.6024193445729089
1984,0.6044759172449432
1985,0.6048813665595558
1986,0.6061218673047192
1987,0.605625627342196
1988,0.6039104336053671
1989,0.6074127356076804
1990,0.6078721186122273
1991,0.6025844807573907
1992,0.6035437917286808
1993,0.6042014948143437
1994,0.6048162563174458
1995,0.6046499797619599
1996,0.597493917638008
1997,0.5967031465420864
1998,0.5980201228389793
1999,0.5971307012324436
2000,0.6010993055545955
2001,0.5995169632647563
2002,0.6007256993091958
2003,0.5983955581901217
2004,0.5771417651883766
2005,0.5845855543274927
2006,0.5892721607750543
2007,0.5952235539992862
2008,0.5940085159061774
2009,0.5992534121525496
2010,0.5962442865903717
2011,0.5929268117341012
2012,0.5930268178655687
2013,0.5904124974055025
2014,0.5905654791069197
2015,0.5906480201413257
2016,0.5907565828266299
2017,0.5910899158095476
2018,0.5892853277706747
2019,0.5918464644995592
2020,0.5863829958610794
2021,0.5933534579977333
2022,0.5940945624722132
2023,0.59520984228964
2024,0.597458820157514
2025,0.5938560444119404
2026,0.5969011829310923
2027,0.597662214450227
2028,0.595506868959528
2029,0.5921884198625429
2030,0.5890342687606749
2031,0.5881411898318034
2032,0.5871810677322671
2033,0.5920991381259733
2034,0.5883978161488865
2035,0.5890931836845337
2036,0.5894373373955918
2037,0.5906406788933587
2038,0.5930470219175336
2039,0.5941247763552613
2040,0.5936654619305547
2041,0.5938351333070871
2042,0.5970749813967137
2043,0.5969345001953748
2044,0.5972252521114155
2045,0.5988820560362343
2046,0.6016933675211475
2047,0.5979007791634181
2048,0.5959387133192368
2049,0.5953859306048703
2050,0.5863116236588138
2051,0.5865827875199879
2052,0.5898137363572384
2053,0.5918840668510603
2054,0.594830314049416
2055,0.595529422569658
2056,0.5955741338753433
2057,0.5960196968256207
2058,0.5976092946212979
2059,0.6000913270696476
2060,0.5966161925380666
2061,0.5870991640313413
2062,0.5886683964297541
2063,0.5875867802728094
2064,0.5854463883825543
2065,0.5844129239783966
2066,0.585489278228003
2067,0.5860957289886942
2068,0.5853233483896962
2069,0.5891313098301538
2070,0.588647522103046
2071,0.5883698335871282
2072,0.5901110081906668
2073,0.5893949053458959
2074,0.589640621830126
2075,0.591174464048301
2076,0.5965341021663382
2077,0.5960769531312147
2078,0.5948184928195169
2079,0.5959186872961146
2080,0.5908689837707853
2081,0.591196789376259
2082,0.5924126154724889
2083,0.5894868752159836
2084,0.5848745248449212
2085,0.5808917404077305
2086,0.5822020424963671
2087,0.5853562879773484
2088,0.5865622503975022
2089,0.5856142724331197
2090,0.5837069298237804
2091,0.5807835280210372
2092,0.582912977240777
2093,0.5796206139484994
2094,0.5791607713384874
2095,0.5801245746268455
2096,0.5805215629252188
2097,0.5779754348708677
2098,0.5780547225400818
2099,0.5774272315885389
2100,0.576500285260602
2101,0.5771414612237544
2102,0.5770064675323509
2103,0.5757061536313668
2104,0.5766738678731942
2105,0.575980709182182
2106,0.5772679426574389
2107,0.5764903755752421
2108,0.5739847859901865
2109,0.5721809994473727
2110,0.5708557519138839
2111,0.5691338462819839
2112,0.5740525566257564
2113,0.575669531970402
2114,0.5740059039379891
2115,0.5783444210260343
2116,0.5818221145575025
2117,0.5812257417149727
2118,0.582644808804976
2119,0.5800509332992836
2120,0.5780730645989622
2121,0.5741770731591076
2122,0.574587225245695
2123,0.5726580983610248
2124,0.5738677245893133
2125,0.574633534086446
2126,0.5818798270086145
2127,0.5831843495741416
2128,0.5801167207500835
2129,0.5829844573344085
2130,0.5828933006670297
2131,0.5851240688302488
2132,0.5788211670976491
2133,0.5768467857581963
2134,0.5762997231133098
2135,0.5761977023805163
2136,0.5745567250033732
2137,0.5747843478576392
2138,0.5750883657715223
2139,0.5764112434405487
2140,0.577033923484391
2141,0.5752276650055232
2142,0.5746459095162928
2143,0.5721184517798875
2144,0.572365606566471
2145,0.572472505104227
2146,0.5708534749312659
2147,0.5703103079195945
2148,0.5674067123073636
2149,0.5665183733875204
2150,0.5689767694770352
2151,0.5677763287057618
2152,0.5696013210988443
2153,0.5694226070981467
2154,0.563770149513248
2155,0.5580731785872525
2156,0.55657757287773
2157,0.5630132823397931
2158,0.563436002853837
2159,0.5622100651687401
2160,0.5597304936852341
2161,0.5592743717861139
2162,0.5599657014089657
2163,0.5621260876057532
2164,0.5564670621249078
2165,0.5549007839505771
2166,0.5548133796436174
2167,0.5545812729091728
2168,0.5544037739757184
2169,0.5553044274290369
2170,0.5541780600084375
2171,0.5516527288457593
2172,0.5535968342434194
2173,0.5513715513902014
2174,0.5525288357545125
2175,0.5523447882890599
2176,0.5452852875091486
2177,0.5437678073030126
2178,0.542790714975045
2179,0.549612334120032
2180,0.5531373688898209
2181,0.5512645402441835
2182,0.5552341239292746
2183,0.5487775881113072
2184,0.5487775881113072
2185,0.5487775881113072
2186,0.5487775881113072
2187,0.5487775881113072
2188,0.5487775881113072
2189,0.5487775881113072
2190,0.5487775881113072
2191,0.5487775881113072
2192,0.5487775881113072
2193,0.5487775881113072
2194,0.5487775881113072
2195,0.5487775881113072
2196,0.5487775881113072
2197,0.5487775881113072
2198,0.5487775881113072
2199,0.5487775881113072
2200,0.5487775881113072
2201,0.5487775881113072
2202,0.5487775881113072
2203,0.549739534215272
2204,0.549739534215272
2205,0.5547015975828191
2206,0.5588344966004065
2207,0.5584617382741542
2208,0.5607932064194451
2209,0.5633359443250274
2210,0.5670898959286564
2211,0.5685548499811323
2212,0.5691110587180193
2213,0.5667977304865414
2214,0.5677463214338085
2215,0.5653297141299127
2216,0.5643780135605675
2217,0.5665526851775995
2218,0.5674425702858175
2219,0.5701977394718025
2220,0.5668044717546719
2221,0.568578579630288
2222,0.567689905670318
2223,0.5653851606647653
2224,0.5640482286955348
2225,0.5609618437112541
2226,0.5616494747226085
2227,0.5618846700458308
2228,0.5598031476819765
2229,0.5590865062110231
2230,0.5582010852148459
2231,0.5618903636368068
2232,0.5630943577114779
2233,0.562734495172859
2234,0.5627599210879528
2235,0.5622224613952472
2236,0.5594579594590404
2237,0.5600425731506968
2238,0.5610829795163625
2239,0.560891889330813
2240,0.5620949549193522
2241,0.562782204504921
2242,0.5652777779565368
2243,0.5641335151375129
2244,0.5647105755722
2245,0.5660641894091394
2246,0.5618556788260807
2247,0.562140463539995
2248,0.5651504730520052
2249,0.5676631448669682
2250,0.5754472380338601
2251,0.5705140427516279
2252,0.5722737659445211
2253,0.5731592294257064
2254,0.5705098086848073
2255,0.5706157393093584
2256,0.5674342757041199
2257,0.5680830268551392
2258,0.5678558629613375
2259,0.5680792172300598
2260,0.5691428142760768
2261,0.5751434478151317
2262,0.5742600038084962
2263,0.5748853563789598
2264,0.5750905793386302
2265,0.5704176771662306
2266,0.5670699642014663
2267,0.5719504531286427
2268,0.566721255431461
2269,0.5679565266294345
2270,0.5699606381166796
2271,0.5706426915457481
2272,0.574054034222828
2273,0.5731070379858341
2274,0.575034873643538
2275,0.5752282918924527
2276,0.5716499409347041
2277,0.5717958603432169
2278,0.5697036256671392
2279,0.5697676287250748
2280,0.5657198088342266
2281,0.5599840204539986
2282,0.560067629318032
2283,0.5612375393345318
2284,0.5601935800516392
2285,0.5606401570358405
2286,0.5631636824664579
2287,0.5621055587750388
2288,0.5646526630911932
2289,0.5627446355732308
2290,0.5619278163955177
2291,0.5577534743968583
2292,0.555505256171089
2293,0.5562897639168678
2294,0.5528588554390559
2295,0.5501780616521191
2296,0.5499049095532483
2297,0.5500094640482263
2298,0.54681284591084
2299,0.5538180723095647
2300,0.5554460511981516
2301,0.55768621209482
2302,0.5553114615441425
2303,0.5553929883005395
2304,0.5559790658270862
2305,0.5616100285796782
2306,0.5570831626944779
2307,0.567983865758174
2308,0.5644653182429837
2309,0.5639567463051012
2310,0.5643371814854176
2311,0.5670669532326296
2312,0.5643681617077385
2313,0.5663397658517167
2314,0.5597925268921976
2315,0.5539558532147861
2316,0.5608525460608167
2317,0.5592282821118983
2318,0.5528366492287412
2319,0.5529408195894507
2320,0.5421801945097207
2321,0.5413372940534822
2322,0.5485120043571605
2323,0.552829290056883
2324,0.5586069477608626
2325,0.5631853878536202
2326,0.5628069014749795
2327,0.5569626286808856
2328,0.5542528423771869
2329,0.547310968362111
2330,0.5422603790058486
2331,0.5421915899331828
2332,0.543876516907999
2333,0.5489820779500347
2334,0.5477539275127392
2335,0.5511871172118668
2336,0.5505422616243398
2337,0.5465712122204942
2338,0.5491744868877201
2339,0.5450709155140696
2340,0.5428839209896055
2341,0.542303891992711
2342,0.5421776556217041
2343,0.5417177567202898
2344,0.5385022966289885
2345,0.5351902563234145
2346,0.5381147136187381
2347,0.5371865020193719
2348,0.5357446190971621
2349,0.5383232369127722
2350,0.5468310348271542
2351,0.5454772508549648
2352,0.5408940249264399
2353,0.5345233303159911
2354,0.5301388761130302
2355,0.5339882909519874
2356,0.5367263204694436
2357,0.5372586331977831
2358,0.5382856677486738
2359,0.535575598703451
2360,0.5361362032121526
2361,0.536626836576856
2362,0.544825081918203
2363,0.5477866929465467
2364,0.5512077674678555
2365,0.5490567809160849
2366,0.545841992072902
2367,0.5452817375116504
2368,0.550677961841033
2369,0.5547954588997781
2370,0.5591090391057203
2371,0.562482284811608
2372,0.5623857425314032
2373,0.5730702072706054
2374,0.5775546096033644
2375,0.5863246919514293
2376,0.5869724165435157
2377,0.5804499241146059
2378,0.5798633313109505
2379,0.5788746646048926
2380,0.5719177721647813
2381,0.5713205843819392
2382,0.5788391721684361
2383,0.5728393737743132
2384,0.5687295664604657
2385,0.566776672508803
2386,0.5632505555514694
2387,0.571691279697937
2388,0.5721999659939772
2389,0.5700331543475939
2390,0.5683221442789012
2391,0.5688716399424096
2392,0.572170233582714
2393,0.5730888838846397
2394,0.5714982428693908
2395,0.5710126834244724
2396,0.5721244262175993
2397,0.5763562025037551
2398,0.5743417385156259
2399,0.5781869886567004
2400,0.5738363639664013
2401,0.5741462739499841
2402,0.578594897818059
2403,0.5836456694545427
2404,0.5827971879203608
2405,0.5823919050525295
2406,0.5855450250848202
2407,0.5872548835946083
2408,0.5916482569935418
2409,0.5959649801159531
2410,0.5966031404777059
2411,0.5974283170901467
2412,0.6035251111320199
2413,0.5988315387082621
2414,0.603643027332374
2415,0.6093087787330972
2416,0.6072258399072288
2417,0.6064537096182803
2418,0.608772799489976
2419,0.6130933455842468
2420,0.6135315444510578
2421,0.6072118988788516
2422,0.6042625868900728
2423,0.6064182593148502
2424,0.6122674127001981
2425,0.6148130591958008
2426,0.6158441957757708
2427,0.6153083290121601
2428,0.6176740984188626
2429,0.6130136454546455
2430,0.6137080638971443
2431,0.6085283839475681
2432,0.6087431495961918
2433,0.6137756455153849
2434,0.6120628070218156
2435,0.6135527344106919
2436,0.6166423379751985
2437,0.620351036147538
2438,0.6186010143285039
2439,0.613899543071861
2440,0.6127563555720874
2441,0.6133228217514528
2442,0.6123131795197491
2443,0.6067503431079855
2444,0.6107704059290857
2445,0.6117768923307157
2446,0.6133012202056889
2447,0.6135897255102556
2448,0.6100670918622793
2449,0.6054168404883091
2450,0.6074217450444395
2451,0.6065315480718638
2452,0.6010006181591107
2453,0.5976882443490423
2454,0.5948909541765179
2455,0.5966282972142944
2456,0.5942356706977361
2457,0.5970636367002207
2458,0.6031559348916109
2459,0.600962428247243
2460,0.6028387505722758
2461,0.600741693115033
2462,0.6073840750206743
2463,0.6026729154975431
2464,0.6064763875795292
2465,0.6067083096554498
2466,0.6089762584941156
2467,0.6077366121058035
2468,0.6022986799151264
2469,0.6009775712638394
2470,0.5990295079301351
2471,0.599972928731877
2472,0.6044437241083038
2473,0.609324869036189
2474,0.6077917919198059
2475,0.6057262406773517
2476,0.6073603851397055
2477,0.6048920481954239
2478,0.6016614119678143
2479,0.5977822444512773
2480,0.5932104267859896
2481,0.5904095978433808
2482,0.5911744045591445
2483,0.5998761336942143
2484,0.5970303216332181
2485,0.6002135654040229
2486,0.6047560445043779
2487,0.6077020486647721
2488,0.6075075174245596
2489,0.6051165647612339
2490,0.6055058852321256
2491,0.6070903253572986
2492,0.6076403098228547
2493,0.6064262551701317
2494,0.603894213148608
2495,0.6050928544411136
2496,0.6050706170407485
2497,0.6061971991672579
2498,0.6108502610715724
2499,0.6119457578213122
2500,0.6109550331707003
2501,0.6146353413123428
2502,0.612886399511476
2503,0.6239035638059829
2504,0.6277088106564532
2505,0.6274818819962994
2506,0.6271306969414359
2507,0.625611260201624
2508,0.6261172560008232
2509,0.6240490540528429
2510,0.6289219974780542
2511,0.6270025759811296
2512,0.6285329697384526
2513,0.6273657441076608
2514,0.6303740997256551
2515,0.6339145143767642
